Workbook

Sheet Liste des cartes
A1: N° | B1: Nom | C1: Famille | D1: Rareté | E1: PV | F1: ATQ | G1: DEF | H1: Boost compagnon
A2: 291 | B2: Abyssiel | C2: Créature | D2: Légendaire | E2: =INDEX(Cartes!$F$2:$F$301,MATCH($A2,Cartes!$A$2:$A$301,0)) -> 98 | F2: =INDEX(Cartes!$G$2:$G$301,MATCH($A2,Cartes!$A$2:$A$301,0)) -> 16 | G2: =INDEX(Cartes!$H$2:$H$301,MATCH($A2,Cartes!$A$2:$A$301,0)) -> 34 | H2: Résistance
A3: 298 | B3: Astrelune | C3: Créature | D3: Légendaire | E3: =INDEX(Cartes!$F$2:$F$301,MATCH($A3,Cartes!$A$2:$A$301,0)) -> 97 | F3: =INDEX(Cartes!$G$2:$G$301,MATCH($A3,Cartes!$A$2:$A$301,0)) -> 33 | G3: =INDEX(Cartes!$H$2:$H$301,MATCH($A3,Cartes!$A$2:$A$301,0)) -> 16 | H3: Temps
A4: 293 | B4: Chronoptère | C4: Créature | D4: Légendaire | E4: =INDEX(Cartes!$F$2:$F$301,MATCH($A4,Cartes!$A$2:$A$301,0)) -> 117 | F4: =INDEX(Cartes!$G$2:$G$301,MATCH($A4,Cartes!$A$2:$A$301,0)) -> 23 | G4: =INDEX(Cartes!$H$2:$H$301,MATCH($A4,Cartes!$A$2:$A$301,0)) -> 22 | H4: Temps
A5: 289 | B5: Glacivore | C5: Créature | D5: Légendaire | E5: =INDEX(Cartes!$F$2:$F$301,MATCH($A5,Cartes!$A$2:$A$301,0)) -> 118 | F5: =INDEX(Cartes!$G$2:$G$301,MATCH($A5,Cartes!$A$2:$A$301,0)) -> 25 | G5: =INDEX(Cartes!$H$2:$H$301,MATCH($A5,Cartes!$A$2:$A$301,0)) -> 21 | H5: Dégâts
A6: 292 | B6: Néantor | C6: Créature | D6: Légendaire | E6: =INDEX(Cartes!$F$2:$F$301,MATCH($A6,Cartes!$A$2:$A$301,0)) -> 179 | F6: =INDEX(Cartes!$G$2:$G$301,MATCH($A6,Cartes!$A$2:$A$301,0)) -> 18 | G6: =INDEX(Cartes!$H$2:$H$301,MATCH($A6,Cartes!$A$2:$A$301,0)) -> 15 | H6: Dégâts
A7: 290 | B7: Sylvarche | C7: Créature | D7: Légendaire | E7: =INDEX(Cartes!$F$2:$F$301,MATCH($A7,Cartes!$A$2:$A$301,0)) -> 89 | F7: =INDEX(Cartes!$G$2:$G$301,MATCH($A7,Cartes!$A$2:$A$301,0)) -> 34 | G7: =INDEX(Cartes!$H$2:$H$301,MATCH($A7,Cartes!$A$2:$A$301,0)) -> 18 | H7: Résistance
A8: 297 | B8: Tempestor | C8: Créature | D8: Légendaire | E8: =INDEX(Cartes!$F$2:$F$301,MATCH($A8,Cartes!$A$2:$A$301,0)) -> 107 | F8: =INDEX(Cartes!$G$2:$G$301,MATCH($A8,Cartes!$A$2:$A$301,0)) -> 22 | G8: =INDEX(Cartes!$H$2:$H$301,MATCH($A8,Cartes!$A$2:$A$301,0)) -> 24 | H8: Vitesse
A9: 295 | B9: Volcarion | C9: Créature | D9: Légendaire | E9: =INDEX(Cartes!$F$2:$F$301,MATCH($A9,Cartes!$A$2:$A$301,0)) -> 102 | F9: =INDEX(Cartes!$G$2:$G$301,MATCH($A9,Cartes!$A$2:$A$301,0)) -> 14 | G9: =INDEX(Cartes!$H$2:$H$301,MATCH($A9,Cartes!$A$2:$A$301,0)) -> 34 | H9: Dégâts
A10: 296 | B10: Aurèle l'Immortelle | C10: Héros | D10: Légendaire | E10: =INDEX(Cartes!$F$2:$F$301,MATCH($A10,Cartes!$A$2:$A$301,0)) -> 197 | F10: =INDEX(Cartes!$G$2:$G$301,MATCH($A10,Cartes!$A$2:$A$301,0)) -> 17 | G10: =INDEX(Cartes!$H$2:$H$301,MATCH($A10,Cartes!$A$2:$A$301,0)) -> 13 | H10: Résistance
A11: 300 | B11: Kaelith, Gardien des Seuils | C11: Héros | D11: Légendaire | E11: =INDEX(Cartes!$F$2:$F$301,MATCH($A11,Cartes!$A$2:$A$301,0)) -> 185 | F11: =INDEX(Cartes!$G$2:$G$301,MATCH($A11,Cartes!$A$2:$A$301,0)) -> 17 | G11: =INDEX(Cartes!$H$2:$H$301,MATCH($A11,Cartes!$A$2:$A$301,0)) -> 13 | H11: Résistance
A12: 294 | B12: Sélénor le Dernier Mage | C12: Héros | D12: Légendaire | E12: =INDEX(Cartes!$F$2:$F$301,MATCH($A12,Cartes!$A$2:$A$301,0)) -> 82 | F12: =INDEX(Cartes!$G$2:$G$301,MATCH($A12,Cartes!$A$2:$A$301,0)) -> 36 | G12: =INDEX(Cartes!$H$2:$H$301,MATCH($A12,Cartes!$A$2:$A$301,0)) -> 18 | H12: Temps
A13: 299 | B13: Ysolde Brise-Étoiles | C13: Héros | D13: Légendaire | E13: =INDEX(Cartes!$F$2:$F$301,MATCH($A13,Cartes!$A$2:$A$301,0)) -> 104 | F13: =INDEX(Cartes!$G$2:$G$301,MATCH($A13,Cartes!$A$2:$A$301,0)) -> 13 | G13: =INDEX(Cartes!$H$2:$H$301,MATCH($A13,Cartes!$A$2:$A$301,0)) -> 34 | H13: Dégâts
... A301: 86 | B301: Zéphyr l'Apprenti | C301: Héros | D301: Commune | E301: =INDEX(Cartes!$F$2:$F$301,MATCH($A301,Cartes!$A$2:$A$301,0)) -> 42 | F301: =INDEX(Cartes!$G$2:$G$301,MATCH($A301,Cartes!$A$2:$A$301,0)) -> 15 | G301: =INDEX(Cartes!$H$2:$H$301,MATCH($A301,Cartes!$A$2:$A$301,0)) -> 7 | H301: Temps

Sheet Règles
A1: Collectear – règles d'équilibrage des cartes
A2: Les cellules en bleu sont modifiables : toutes les stats de l'onglet Cartes se recalculent.
A4: Rareté | B4: Nb de cartes | C4: Budget de puissance | D4: Taux d'obtention (GDD)
A5: Commune | B5: =COUNTIF(Cartes!$D:$D,A5) -> 120 | C5: 30 | D5: 0.6
A6: Peu commune | B6: =COUNTIF(Cartes!$D:$D,A6) -> 90 | C6: 37 | D6: 0.25
A7: Rare | B7: =COUNTIF(Cartes!$D:$D,A7) -> 50 | C7: 45 | D7: 0.1
A8: Épique | B8: =COUNTIF(Cartes!$D:$D,A8) -> 28 | C8: 55 | D8: 0.04
A9: Légendaire | B9: =COUNTIF(Cartes!$D:$D,A9) -> 12 | C9: 68 | D9: 0.01
A10: Total | B10: =SUM(B5:B9) -> 300
A12: Coefficient PV | C12: 5
A13: Variation max par carte | C13: 0.03
A15: Formules
A16: Puissance = PV / Coefficient PV + ATQ + DEF (1 point de puissance = 5 PV = 1 ATQ = 1 DEF)
A17: PV = arrondi(Budget × Variation × Part PV × Coefficient PV)
A18: ATQ = arrondi(Budget × Variation × Part ATQ) DEF = arrondi(Budget × Variation × Part DEF)
A19: Chaque palier de rareté a environ +22 % de budget sur le précédent ; avec ±3 % de variation, les plages ne se chevauchent jamais.
A20: Le profil répartit le budget entre les stats ; chaque carte a une petite variation aléatoire de ses parts (±3 points).
A22: Profils (parts de base du budget)
A23: Profil | B23: Part PV | C23: Part ATQ | D23: Part DEF
A24: Équilibré | B24: 0.34 | C24: 0.33 | D24: 0.33
A25: Offensif | B25: 0.25 | C25: 0.5 | D25: 0.25
A26: Défensif | B26: 0.3 | C26: 0.2 | D26: 0.5
A27: Robuste | B27: 0.55 | C27: 0.25 | D27: 0.2
A28: Source : budgets, profils et répartition 120 / 90 / 50 / 28 / 12 proposés par Claude ; taux d'obtention repris du GDD (exemple, à équilibrer en playtest).

Sheet Synthèse
A1: Synthèse par rareté
A3: Rareté | B3: Nb | C3: Créatures | D3: Héros | E3: PV moyen | F3: ATQ moyenne | G3: DEF moyenne | H3: Puissance min | I3: Puissance moy. | J3: Puissance max | K3: Marge sur rareté inférieure
A4: Commune | B4: =COUNTIF(Cartes!$D$2:$D$301,A4) -> 120 | C4: =COUNTIFS(Cartes!$D$2:$D$301,A4,Cartes!$C$2:$C$301,"Créature") -> 80 | D4: =COUNTIFS(Cartes!$D$2:$D$301,A4,Cartes!$C$2:$C$301,"Héros") -> 40 | E4: =AVERAGEIF(Cartes!$D$2:$D$301,A4,Cartes!$F$2:$F$301) -> 53.683333 | F4: =AVERAGEIF(Cartes!$D$2:$D$301,A4,Cartes!$G$2:$G$301) -> 9.6583333 | G4: =AVERAGEIF(Cartes!$D$2:$D$301,A4,Cartes!$H$2:$H$301) -> 9.6083333 | H4: =_xlfn.MINIFS(Cartes!$I$2:$I$301,Cartes!$D$2:$D$301,A4) -> 28.4 | I4: =AVERAGEIF(Cartes!$D$2:$D$301,A4,Cartes!$I$2:$I$301) -> 30.003333 | J4: =_xlfn.MAXIFS(Cartes!$I$2:$I$301,Cartes!$D$2:$D$301,A4) -> 31.4 | K4: –
A5: Peu commune | B5: =COUNTIF(Cartes!$D$2:$D$301,A5) -> 90 | C5: =COUNTIFS(Cartes!$D$2:$D$301,A5,Cartes!$C$2:$C$301,"Créature") -> 60 | D5: =COUNTIFS(Cartes!$D$2:$D$301,A5,Cartes!$C$2:$C$301,"Héros") -> 30 | E5: =AVERAGEIF(Cartes!$D$2:$D$301,A5,Cartes!$F$2:$F$301) -> 66.144444 | F5: =AVERAGEIF(Cartes!$D$2:$D$301,A5,Cartes!$G$2:$G$301) -> 11.755556 | G5: =AVERAGEIF(Cartes!$D$2:$D$301,A5,Cartes!$H$2:$H$301) -> 11.922222 | H5: =_xlfn.MINIFS(Cartes!$I$2:$I$301,Cartes!$D$2:$D$301,A5) -> 35.4 | I5: =AVERAGEIF(Cartes!$D$2:$D$301,A5,Cartes!$I$2:$I$301) -> 36.906667 | J5: =_xlfn.MAXIFS(Cartes!$I$2:$I$301,Cartes!$D$2:$D$301,A5) -> 38.6 | K5: =H5-J4 -> 4
A6: Rare | B6: =COUNTIF(Cartes!$D$2:$D$301,A6) -> 50 | C6: =COUNTIFS(Cartes!$D$2:$D$301,A6,Cartes!$C$2:$C$301,"Créature") -> 34 | D6: =COUNTIFS(Cartes!$D$2:$D$301,A6,Cartes!$C$2:$C$301,"Héros") -> 16 | E6: =AVERAGEIF(Cartes!$D$2:$D$301,A6,Cartes!$F$2:$F$301) -> 80.42 | F6: =AVERAGEIF(Cartes!$D$2:$D$301,A6,Cartes!$G$2:$G$301) -> 14.5 | G6: =AVERAGEIF(Cartes!$D$2:$D$301,A6,Cartes!$H$2:$H$301) -> 14.34 | H6: =_xlfn.MINIFS(Cartes!$I$2:$I$301,Cartes!$D$2:$D$301,A6) -> 43.2 | I6: =AVERAGEIF(Cartes!$D$2:$D$301,A6,Cartes!$I$2:$I$301) -> 44.924 | J6: =_xlfn.MAXIFS(Cartes!$I$2:$I$301,Cartes!$D$2:$D$301,A6) -> 46.8 | K6: =H6-J5 -> 4.6
A7: Épique | B7: =COUNTIF(Cartes!$D$2:$D$301,A7) -> 28 | C7: =COUNTIFS(Cartes!$D$2:$D$301,A7,Cartes!$C$2:$C$301,"Créature") -> 18 | D7: =COUNTIFS(Cartes!$D$2:$D$301,A7,Cartes!$C$2:$C$301,"Héros") -> 10 | E7: =AVERAGEIF(Cartes!$D$2:$D$301,A7,Cartes!$F$2:$F$301) -> 98.821429 | F7: =AVERAGEIF(Cartes!$D$2:$D$301,A7,Cartes!$G$2:$G$301) -> 17.535714 | G7: =AVERAGEIF(Cartes!$D$2:$D$301,A7,Cartes!$H$2:$H$301) -> 17.535714 | H7: =_xlfn.MINIFS(Cartes!$I$2:$I$301,Cartes!$D$2:$D$301,A7) -> 53.8 | I7: =AVERAGEIF(Cartes!$D$2:$D$301,A7,Cartes!$I$2:$I$301) -> 54.835714 | J7: =_xlfn.MAXIFS(Cartes!$I$2:$I$301,Cartes!$D$2:$D$301,A7) -> 56.4 | K7: =H7-J6 -> 7
A8: Légendaire | B8: =COUNTIF(Cartes!$D$2:$D$301,A8) -> 12 | C8: =COUNTIFS(Cartes!$D$2:$D$301,A8,Cartes!$C$2:$C$301,"Créature") -> 8 | D8: =COUNTIFS(Cartes!$D$2:$D$301,A8,Cartes!$C$2:$C$301,"Héros") -> 4 | E8: =AVERAGEIF(Cartes!$D$2:$D$301,A8,Cartes!$F$2:$F$301) -> 122.91667 | F8: =AVERAGEIF(Cartes!$D$2:$D$301,A8,Cartes!$G$2:$G$301) -> 22.333333 | G8: =AVERAGEIF(Cartes!$D$2:$D$301,A8,Cartes!$H$2:$H$301) -> 21.833333 | H8: =_xlfn.MINIFS(Cartes!$I$2:$I$301,Cartes!$D$2:$D$301,A8) -> 67 | I8: =AVERAGEIF(Cartes!$D$2:$D$301,A8,Cartes!$I$2:$I$301) -> 68.75 | J8: =_xlfn.MAXIFS(Cartes!$I$2:$I$301,Cartes!$D$2:$D$301,A8) -> 70.4 | K8: =H8-J7 -> 10.6
A10: Total | B10: =SUM(B4:B8) -> 300 | C10: =SUM(C4:C8) -> 200 | D10: =SUM(D4:D8) -> 100
A12: Marge sur rareté inférieure = puissance min du palier − puissance max du palier précédent. Elle doit rester positive : aucune carte n'est plus forte qu'une carte de rareté supérieure.

Sheet Cartes
A1: N° | B1: Nom | C1: Famille | D1: Rareté | E1: Profil | F1: PV | G1: ATQ | H1: DEF | I1: Puissance | J1: Part PV | K1: Part ATQ | L1: Part DEF | M1: Variation
A2: 1 | B2: Cristallichon | C2: Créature | D2: Commune | E2: Équilibré | F2: =ROUND(INDEX(Règles!$C$5:$C$9,MATCH($D2,Règles!$A$5:$A$9,0))*$M2*$J2*Règles!$C$12,0) -> 51 | G2: =ROUND(INDEX(Règles!$C$5:$C$9,MATCH($D2,Règles!$A$5:$A$9,0))*$M2*$K2,0) -> 10 | H2: =ROUND(INDEX(Règles!$C$5:$C$9,MATCH($D2,Règles!$A$5:$A$9,0))*$M2*$L2,0) -> 10 | I2: =F2/Règles!$C$12+G2+H2 -> 30.2 | J2: 0.335 | K2: 0.325 | L2: 0.34 | M2: 1.009
A3: 2 | B3: Victor le Pêcheur | C3: Héros | D3: Commune | E3: Offensif | F3: =ROUND(INDEX(Règles!$C$5:$C$9,MATCH($D3,Règles!$A$5:$A$9,0))*$M3*$J3*Règles!$C$12,0) -> 39 | G3: =ROUND(INDEX(Règles!$C$5:$C$9,MATCH($D3,Règles!$A$5:$A$9,0))*$M3*$K3,0) -> 14 | H3: =ROUND(INDEX(Règles!$C$5:$C$9,MATCH($D3,Règles!$A$5:$A$9,0))*$M3*$L3,0) -> 8 | I3: =F3/Règles!$C$12+G3+H3 -> 29.8 | J3: 0.263 | K3: 0.479 | L3: 0.258 | M3: 0.991
A4: 3 | B4: Galetiot | C4: Créature | D4: Commune | E4: Défensif | F4: =ROUND(INDEX(Règles!$C$5:$C$9,MATCH($D4,Règles!$A$5:$A$9,0))*$M4*$J4*Règles!$C$12,0) -> 44 | G4: =ROUND(INDEX(Règles!$C$5:$C$9,MATCH($D4,Règles!$A$5:$A$9,0))*$M4*$K4,0) -> 6 | H4: =ROUND(INDEX(Règles!$C$5:$C$9,MATCH($D4,Règles!$A$5:$A$9,0))*$M4*$L4,0) -> 15 | I4: =F4/Règles!$C$12+G4+H4 -> 29.8 | J4: 0.301 | K4: 0.19 | L4: 0.509 | M4: 0.983
A5: 4 | B5: Glacin | C5: Créature | D5: Commune | E5: Robuste | F5: =ROUND(INDEX(Règles!$C$5:$C$9,MATCH($D5,Règles!$A$5:$A$9,0))*$M5*$J5*Règles!$C$12,0) -> 82 | G5: =ROUND(INDEX(Règles!$C$5:$C$9,MATCH($D5,Règles!$A$5:$A$9,0))*$M5*$K5,0) -> 8 | H5: =ROUND(INDEX(Règles!$C$5:$C$9,MATCH($D5,Règles!$A$5:$A$9,0))*$M5*$L5,0) -> 7 | I5: =F5/Règles!$C$12+G5+H5 -> 31.4 | J5: 0.533 | K5: 0.255 | L5: 0.212 | M5: 1.026
A6: 5 | B6: Loutrette | C6: Créature | D6: Commune | E6: Équilibré | F6: =ROUND(INDEX(Règles!$C$5:$C$9,MATCH($D6,Règles!$A$5:$A$9,0))*$M6*$J6*Règles!$C$12,0) -> 52 | G6: =ROUND(INDEX(Règles!$C$5:$C$9,MATCH($D6,Règles!$A$5:$A$9,0))*$M6*$K6,0) -> 10 | H6: =ROUND(INDEX(Règles!$C$5:$C$9,MATCH($D6,Règles!$A$5:$A$9,0))*$M6*$L6,0) -> 9 | I6: =F6/Règles!$C$12+G6+H6 -> 29.4 | J6: 0.355 | K6: 0.327 | L6: 0.318 | M6: 0.979
A7: 6 | B7: Dorian le Vagabond | C7: Héros | D7: Commune | E7: Offensif | F7: =ROUND(INDEX(Règles!$C$5:$C$9,MATCH($D7,Règles!$A$5:$A$9,0))*$M7*$J7*Règles!$C$12,0) -> 34 | G7: =ROUND(INDEX(Règles!$C$5:$C$9,MATCH($D7,Règles!$A$5:$A$9,0))*$M7*$K7,0) -> 15 | H7: =ROUND(INDEX(Règles!$C$5:$C$9,MATCH($D7,Règles!$A$5:$A$9,0))*$M7*$L7,0) -> 8 | I7: =F7/Règles!$C$12+G7+H7 -> 29.8 | J7: 0.231 | K7: 0.509 | L7: 0.26 | M7: 0.986
A8: 7 | B8: Rochiot | C8: Créature | D8: Commune | E8: Défensif | F8: =ROUND(INDEX(Règles!$C$5:$C$9,MATCH($D8,Règles!$A$5:$A$9,0))*$M8*$J8*Règles!$C$12,0) -> 43 | G8: =ROUND(INDEX(Règles!$C$5:$C$9,MATCH($D8,Règles!$A$5:$A$9,0))*$M8*$K8,0) -> 7 | H8: =ROUND(INDEX(Règles!$C$5:$C$9,MATCH($D8,Règles!$A$5:$A$9,0))*$M8*$L8,0) -> 15 | I8: =F8/Règles!$C$12+G8+H8 -> 30.6 | J8: 0.283 | K8: 0.222 | L8: 0.495 | M8: 1.02
A9: 8 | B9: Ombriot | C9: Créature | D9: Commune | E9: Robuste | F9: =ROUND(INDEX(Règles!$C$5:$C$9,MATCH($D9,Règles!$A$5:$A$9,0))*$M9*$J9*Règles!$C$12,0) -> 80 | G9: =ROUND(INDEX(Règles!$C$5:$C$9,MATCH($D9,Règles!$A$5:$A$9,0))*$M9*$K9,0) -> 7 | H9: =ROUND(INDEX(Règles!$C$5:$C$9,MATCH($D9,Règles!$A$5:$A$9,0))*$M9*$L9,0) -> 7 | I9: =F9/Règles!$C$12+G9+H9 -> 30 | J9: 0.532 | K9: 0.249 | L9: 0.219 | M9: 1.001
A10: 9 | B10: Nils l'Éclaireur | C10: Héros | D10: Commune | E10: Équilibré | F10: =ROUND(INDEX(Règles!$C$5:$C$9,MATCH($D10,Règles!$A$5:$A$9,0))*$M10*$J10*Règles!$C$12,0) -> 48 | G10: =ROUND(INDEX(Règles!$C$5:$C$9,MATCH($D10,Règles!$A$5:$A$9,0))*$M10*$K10,0) -> 10 | H10: =ROUND(INDEX(Règles!$C$5:$C$9,MATCH($D10,Règles!$A$5:$A$9,0))*$M10*$L10,0) -> 10 | I10: =F10/Règles!$C$12+G10+H10 -> 29.6 | J10: 0.323 | K10: 0.335 | L10: 0.342 | M10: 0.989
A11: 10 | B11: Tritiot | C11: Créature | D11: Commune | E11: Offensif | F11: =ROUND(INDEX(Règles!$C$5:$C$9,MATCH($D11,Règles!$A$5:$A$9,0))*$M11*$J11*Règles!$C$12,0) -> 38 | G11: =ROUND(INDEX(Règles!$C$5:$C$9,MATCH($D11,Règles!$A$5:$A$9,0))*$M11*$K11,0) -> 14 | H11: =ROUND(INDEX(Règles!$C$5:$C$9,MATCH($D11,Règles!$A$5:$A$9,0))*$M11*$L11,0) -> 8 | I11: =F11/Règles!$C$12+G11+H11 -> 29.6 | J11: 0.257 | K11: 0.467 | L11: 0.276 | M11: 0.998
A12: 11 | B12: Mouettichon | C12: Créature | D12: Commune | E12: Défensif | F12: =ROUND(INDEX(Règles!$C$5:$C$9,MATCH($D12,Règles!$A$5:$A$9,0))*$M12*$J12*Règles!$C$12,0) -> 48 | G12: =ROUND(INDEX(Règles!$C$5:$C$9,MATCH($D12,Règles!$A$5:$A$9,0))*$M12*$K12,0) -> 6 | H12: =ROUND(INDEX(Règles!$C$5:$C$9,MATCH($D12,Règles!$A$5:$A$9,0))*$M12*$L12,0) -> 15 | I12: =F12/Règles!$C$12+G12+H12 -> 30.6 | J12: 0.309 | K12: 0.199 | L12: 0.492 | M12: 1.026
A13: 12 | B13: Escargou | C13: Créature | D13: Commune | E13: Robuste | F13: =ROUND(INDEX(Règles!$C$5:$C$9,MATCH($D13,Règles!$A$5:$A$9,0))*$M13*$J13*Règles!$C$12,0) -> 85 | G13: =ROUND(INDEX(Règles!$C$5:$C$9,MATCH($D13,Règles!$A$5:$A$9,0))*$M13*$K13,0) -> 7 | H13: =ROUND(INDEX(Règles!$C$5:$C$9,MATCH($D13,Règles!$A$5:$A$9,0))*$M13*$L13,0) -> 7 | I13: =F13/Règles!$C$12+G13+H13 -> 31 | J13: 0.549 | K13: 0.233 | L13: 0.218 | M13: 1.027
... A301: 300 | B301: Kaelith, Gardien des Seuils | C301: Héros | D301: Légendaire | E301: Robuste | F301: =ROUND(INDEX(Règles!$C$5:$C$9,MATCH($D301,Règles!$A$5:$A$9,0))*$M301*$J301*Règles!$C$12,0) -> 185 | G301: =ROUND(INDEX(Règles!$C$5:$C$9,MATCH($D301,Règles!$A$5:$A$9,0))*$M301*$K301,0) -> 17 | H301: =ROUND(INDEX(Règles!$C$5:$C$9,MATCH($D301,Règles!$A$5:$A$9,0))*$M301*$L301,0) -> 13 | I301: =F301/Règles!$C$12+G301+H301 -> 67 | J301: 0.55 | K301: 0.257 | L301: 0.193 | M301: 0.99
